{"status":true,"items":[{"id":"1","title":"React Documentation","description":"Official React documentation for learning and references","image_url":"react_1.png","link_url":"download.htm","tag_name":"Development"},{"id":"2","title":"Design Inspiration","description":"Collection of beautiful UI\/UX design examples","image_url":"design.jpg\r\n","link_url":"images.htm","tag_name":"Design"},{"id":"3","title":"Productivity tools","description":"Essential tools for managing tasks and workflows","image_url":"download.jfif","link_url":"tools.htm","tag_name":"Productivity"},{"id":"4","title":"SDLC Lifecycle","description":"Understanding and using fundamentals for managing workflows","image_url":"sdlc.png","link_url":"imgres.htm","tag_name":"Lifecycle"}]}